species,precision,recall,f1,support
Aleeta_curvicosta,1.0,0.7,0.8235294117647058,10
Chorthippus_biguttulus,0.8181818181818182,0.9,0.8571428571428571,10
Cicada_orni,0.9,0.9,0.9,10
Galanga_labeculata,0.8181818181818182,0.9,0.8571428571428571,10
Gryllus_campestris,0.9,0.9,0.9,10
Neotibicen_pruinosus,0.6666666666666666,0.6,0.631578947368421,10
Oecanthus_pellucens,0.9090909090909091,1.0,0.9523809523809523,10
Psaltoda_plaga,0.8333333333333334,1.0,0.9090909090909091,10
Pterophylla_camellifolia,0.7777777777777778,0.7,0.7368421052631579,10
Roeseliana_roeselii,0.7777777777777778,0.7,0.7368421052631579,10
Tettigonia_viridissima,0.7777777777777778,0.7,0.7368421052631579,10
Yoyetta_celis,0.75,0.9,0.8181818181818182,10
