epoch,train_loss,val_acc,val_macro_f1
1,2.5094721420951513,0.06666666666666667,0.05274470899470899
2,2.3401698755181353,0.19166666666666668,0.18862233445566778
3,2.155780719674152,0.35,0.36020681996881687
4,1.9261040687561035,0.475,0.4701005865479549
5,1.6712211007657258,0.5166666666666667,0.521055543980904
6,1.3868558303169582,0.5583333333333333,0.553523372637991
7,1.1516376578289529,0.6166666666666667,0.6134949390384173
8,0.9217060286065807,0.6333333333333333,0.6368462563122006
9,0.7333713562592216,0.6916666666666667,0.6905841240640674
10,0.5910689247691113,0.7083333333333334,0.70282396416718
11,0.4674393456915151,0.7333333333333333,0.7280790537790134
12,0.36179421129434003,0.6916666666666667,0.6908768173728128
13,0.29741747159024945,0.725,0.7263816577822501
14,0.2439927471720654,0.7416666666666667,0.7391661156754036
15,0.2125280525373376,0.7583333333333333,0.7536919504643963
16,0.15081243022628452,0.75,0.7479182066643366
17,0.1372270716921143,0.725,0.7216244403744403
18,0.12774488880582477,0.7333333333333333,0.7298554988183471
19,0.09659739454155383,0.7666666666666667,0.7700296965389845
20,0.09035816675295001,0.725,0.725518468459645
21,0.09399456368840259,0.7583333333333333,0.7528711037844165
22,0.07553469778402992,0.7583333333333333,0.7549362967070038
23,0.06550623006794763,0.7416666666666667,0.7423044931168502
24,0.06327123535068138,0.75,0.7479489132585108
25,0.053831231496904206,0.7583333333333333,0.7564927176404158
26,0.04708704773498618,0.7416666666666667,0.7366998537736524
27,0.03775670039265052,0.725,0.7216209716209717
28,0.047020387552354645,0.7583333333333333,0.7519403485356171
29,0.03828433034536631,0.7333333333333333,0.7287285998813459
30,0.03916260126330282,0.75,0.7465233578696022
31,0.042403692703532135,0.7333333333333333,0.7318550856072729
32,0.03649353584193665,0.7666666666666667,0.7650541968924321
33,0.03157770787568196,0.75,0.7425696753595304
34,0.027744994660758453,0.7583333333333333,0.7535974850572487
35,0.02504981839624436,0.75,0.7468762840473365
36,0.02743491012117137,0.7583333333333333,0.7500774562206116
37,0.02929041322077746,0.7416666666666667,0.7365164059815089
38,0.030896630543081657,0.7583333333333333,0.7532802301184653
39,0.031084838363787403,0.775,0.7698067955648047
40,0.01926782767733802,0.7416666666666667,0.743290350835108
41,0.0207630870256411,0.7666666666666667,0.7636500811423413
42,0.016555073326858488,0.75,0.7472292295804882
43,0.02259718408079251,0.7666666666666667,0.7614267230018005
44,0.012896445802534405,0.7666666666666667,0.7632386676504325
45,0.0123681860530506,0.7583333333333333,0.7521327891425931
46,0.012198060224561588,0.7333333333333333,0.7265906284155713
47,0.01058661065104863,0.75,0.7454515607296938
48,0.016274159753938085,0.7583333333333333,0.7559592218067449
49,0.015205601270755997,0.7416666666666667,0.7397071941198
50,0.013154463316111462,0.75,0.7455752093909989
51,0.017981165868189673,0.7166666666666667,0.7082798350600208
52,0.013143795441188242,0.725,0.7205893698988328
53,0.012522991442971903,0.7166666666666667,0.7158833506821122
54,0.013574161809747633,0.725,0.7200078492784443
55,0.01485487441127391,0.7416666666666667,0.7363096168823723
56,0.018384136117832815,0.7583333333333333,0.7558774150685915
57,0.016245318758908823,0.7416666666666667,0.7384197040526964
58,0.016292493375342176,0.7333333333333333,0.7250764895330114
59,0.0138032469574524,0.7583333333333333,0.753427730406126
60,0.012281953883559807,0.7583333333333333,0.7543889766687251
61,0.013393326905434546,0.75,0.7429704253073819
62,0.008597885774772452,0.7666666666666667,0.7625784481094752
63,0.009973874806588434,0.7333333333333333,0.7263454114589306
64,0.011006782256552706,0.7833333333333333,0.7801155951891247
65,0.0064845120777254515,0.775,0.7702002309621102
66,0.00820295104716459,0.775,0.7708231064887411
67,0.008639407496008536,0.7666666666666667,0.7624832014029752
68,0.007002246419332274,0.7583333333333333,0.7549367062275373
69,0.008190035222746108,0.7416666666666667,0.7354360438734178
70,0.009357437294017038,0.7583333333333333,0.7588699280881944
71,0.008732584922614953,0.7916666666666666,0.7864962637408457
72,0.008270210880057319,0.7583333333333333,0.7556096763897275
73,0.006001958755128409,0.7416666666666667,0.7351898220184666
74,0.007332292587860771,0.775,0.7711321313037001
75,0.005835498460447011,0.7583333333333333,0.7548402108403455
76,0.009260631439721455,0.7916666666666666,0.7817685731806071
77,0.005441338132621478,0.7833333333333333,0.7785971757586375
78,0.004901371815282366,0.7833333333333333,0.7796324467424212
79,0.004709819291272889,0.775,0.7706588179385663
80,0.0038127880821854847,0.7583333333333333,0.7533978886610465
81,0.005053449938397693,0.775,0.7732525498237571
82,0.003029538485545503,0.7583333333333333,0.756635595631591
83,0.003851381469639423,0.7583333333333333,0.7521398289819343
84,0.005684494729275289,0.775,0.7718873887380191
85,0.005870005277835805,0.775,0.7734664773613487
86,0.0047533030054815436,0.775,0.7738192614955975
87,0.003082600270357469,0.775,0.7713701202478292
88,0.003830447712022325,0.7666666666666667,0.7637116050759655
89,0.004386960376944879,0.75,0.7487049905432258
90,0.0047482929253221855,0.775,0.7738172345370486
91,0.0037955377509048126,0.7666666666666667,0.7668230891915102
92,0.0030911752736479366,0.7666666666666667,0.7656646705273706
93,0.004480567958165446,0.7583333333333333,0.7561008303714254
94,0.004119092102526971,0.7666666666666667,0.7650659409800951
95,0.0035845526802839468,0.7583333333333333,0.7544483713093216
96,0.0025153544923776517,0.7583333333333333,0.757048982093571
97,0.002298752296432529,0.7916666666666666,0.789499730289204
98,0.0030685483564055808,0.7833333333333333,0.7815354299908076
99,0.0023749478859826922,0.775,0.7733475788269502
100,0.003821791795021652,0.7666666666666667,0.7652249996517395
101,0.0035537051583599787,0.775,0.771784988890252
102,0.004007672222898058,0.775,0.7742214754056859
103,0.003583098167006898,0.775,0.7735708775801654
104,0.002896586955656581,0.7583333333333333,0.7552278851466158
105,0.003941200309149597,0.775,0.7726901012930426
106,0.003302782146341127,0.775,0.7723351857905634
107,0.0029727740405613313,0.775,0.7728568708478522
108,0.003688723169034347,0.775,0.7727724614566719
109,0.002661746217990699,0.75,0.747842584402182
110,0.002402847159512179,0.75,0.7480403828197947
111,0.003734031122724485,0.75,0.7470389145311747
112,0.002419660538536213,0.75,0.7470389145311747
113,0.003956293804905094,0.7583333333333333,0.7535576971761181
114,0.0034035827291360042,0.7583333333333333,0.7552731582143348
115,0.0025085394382071886,0.7583333333333333,0.7552731582143348
116,0.0019622946173236096,0.7583333333333333,0.7549845579257344
117,0.0022444617858601978,0.75,0.7437483605482327
118,0.0018421637777583269,0.7583333333333333,0.7549845579257344
119,0.002698090123569431,0.7666666666666667,0.7629411408663328
120,0.0031502890658726833,0.75,0.746142706921412
121,0.0026868641877587397,0.7583333333333333,0.7543640541941121
122,0.0019235786432704037,0.7666666666666667,0.7620670285951615
123,0.002182119555072859,0.7666666666666667,0.7645927193721311
124,0.0020205188737473572,0.7666666666666667,0.7623556288837618
125,0.0019896189484785755,0.775,0.7719818278481961
126,0.002667326776250063,0.775,0.7709858739110658
127,0.0024486445244806614,0.7916666666666666,0.7893471187395336
128,0.002715329988859594,0.7666666666666667,0.7632944547064886
129,0.0021635452487870402,0.7666666666666667,0.7621578304661493
130,0.002117080605113069,0.7666666666666667,0.7625686989309282
131,0.0019525995417295592,0.7666666666666667,0.7614595311808934
132,0.0021794571771549627,0.7666666666666667,0.7612034691601255
133,0.0017411940877892725,0.7666666666666667,0.7618692301775489
134,0.0015453997576791469,0.775,0.7720726297191839
135,0.0027483037708367665,0.7666666666666667,0.7618099411481764
136,0.0023042702865179467,0.7666666666666667,0.762355628883762
137,0.0018083156471181176,0.775,0.7715721288515408
138,0.0024948691058418026,0.7666666666666667,0.7617481314694938
139,0.001711580486026714,0.775,0.7717840294305836
140,0.0013379125385140271,0.775,0.7715269419835983
141,0.001543347622551348,0.7666666666666667,0.762926814520737
142,0.0017242611439028026,0.7916666666666666,0.7896585870270081
143,0.0013179696815432576,0.7666666666666667,0.7617481314694937
144,0.0026988432990670526,0.7666666666666667,0.7616573295985062
145,0.0026254675227075654,0.7583333333333333,0.7526932974146595
146,0.0018028810483646457,0.7666666666666667,0.7620670285951615
147,0.0018305460044243575,0.7666666666666667,0.762394533334431
148,0.0020267462570463185,0.7833333333333333,0.7809375401287166
149,0.0019180745483659532,0.7583333333333333,0.7534998218081407
150,0.0021977812056834605,0.7666666666666667,0.7618692301775489
